Title,Sectors,Target Audience,Language,Executive Focus
"Global AI Semiconductor Innovations and Next-Gen Chiplet Architectures in 2026","Hardware Engineering, Enterprise Data Centers, Autonomous Mobility, Sovereign AI Infrastructure","CTO, Semiconductor Executives, Cloud Architects","English","Technical benchmarks, HBM4 memory bandwidth, CoWoS 3D packaging yield"
"Breakthroughs in Long-Duration Grid Energy Storage and Solid-State Battery Systems in 2026","Clean Energy Grid Integration, EV Transportation, Utility Storage Manufacturing, Infrastructure Finance","Chief Energy Officers, Utility Directors, ESG Investors","English","Sodium-ion cell cost ($48/kWh), sulfide solid-state batteries, grid-forming inverters"
"Impact of Quantum Hardware and Software Innovations in 2026","Quantum Computing, Biomolecular Pharmaceuticals, Financial Portfolio Optimization, Post-Quantum Cybersecurity","Chief Risk Officers, R&D Directors, Quantum Researchers","English","Fault-tolerant logical qubits, NIST PQC migration, hybrid quantum-classical algorithms"
"Autonomous Robotics and Humanoid Automation in Industrial Manufacturing 2026","Industrial Robotics, Smart Factories, Supply Chain Automation, Precision Engineering","VP of Manufacturing, Operations Directors, Factory Automation Engineers","English","Humanoid robot payload capacity, real-time spatial vision models, industrial ROI"
"Space Micro-Satellite Constellations and Orbital Optical Communications in 2026","Aerospace Technology, Orbital Telecommunications, Earth Observation Data, Defense Systems","Satellite Operators, Telecom Executives, Government Defense Agencies","English","Laser optical interconnects, LEO constellation latency, earth observation resolution"
"Commercial Nuclear Fusion and Small Modular Reactors (SMRs) Deployment 2026","Next-Gen Nuclear Power, Utility Decarbonization, Heavy Industry Powering, Energy Policy","Energy Policy Makers, Power Utility Executives, Infrastructure Funds","English","SMR commissioning timelines, high-temperature superconducting magnets, Q-factor gains"
"Synthetic Biology and CRISPR Gene Editing Innovations in Agriculture 2026","AgTech, Genomic Engineering, Crop Resilience, Global Food Security","Agribusiness Executives, Biotechnology Researchers, Agricultural Authorities","English","Drought-resistant crop yields, gene editing regulatory approval, soil microbiome optimization"
"Next-Generation Cybersecurity Architectures: Zero Trust AI & Post-Quantum Defense 2026","Cybersecurity, Cloud Infrastructure, Enterprise IT, Threat Intelligence","CISO, Enterprise Security Directors, Cloud Security Engineers","English","AI threat detection, post-quantum cryptographic migration, zero-trust network access"
"Generative AI Agents in Enterprise Software and Autonomous Financial Systems 2026","FinTech, Enterprise Software, Automated Operations, Algorithmic Trading","CFO, FinTech Innovators, Enterprise Product Managers","English","Autonomous workflow agents, automated compliance reporting, algorithmic trading efficiency"
"Advanced Hydrogen Fuel Cell Logistics and Green Ammonia Supply Chains 2026","Clean Maritime Transport, Heavy Trucking, Green Hydrogen Production, Port Logistics","Logistics Directors, Shipping Fleet Operators, Clean Energy Developers","English","Green ammonia bunkering, proton exchange membrane fuel cells, clean logistics cost"
